-- phpMyAdmin SQL Dump
-- version 4.8.5
-- https://www.phpmyadmin.net/
--
-- Host: localhost:3306
-- Generation Time: Jan 30, 2020 at 12:56 PM
-- Server version: 5.7.24
-- PHP Version: 7.3.14

SET SQL_MODE = "NO_AUTO_VALUE_ON_ZERO";
SET AUTOCOMMIT = 0;
START TRANSACTION;
SET time_zone = "+00:00";


/*!40101 SET @OLD_CHARACTER_SET_CLIENT=@@CHARACTER_SET_CLIENT */;
/*!40101 SET @OLD_CHARACTER_SET_RESULTS=@@CHARACTER_SET_RESULTS */;
/*!40101 SET @OLD_COLLATION_CONNECTION=@@COLLATION_CONNECTION */;
/*!40101 SET NAMES utf8mb4 */;

--
-- Database: `db_asg`
--

-- --------------------------------------------------------

--
-- Table structure for table `categories`
--

CREATE TABLE `categories` (
  `id` bigint(20) UNSIGNED NOT NULL,
  `categorie` varchar(255) COLLATE utf8mb4_unicode_ci NOT NULL,
  `created_at` timestamp NULL DEFAULT NULL,
  `updated_at` timestamp NULL DEFAULT NULL
) ENGINE=InnoDB DEFAULT CHARSET=utf8mb4 COLLATE=utf8mb4_unicode_ci;

--
-- Dumping data for table `categories`
--

INSERT INTO `categories` (`id`, `categorie`, `created_at`, `updated_at`) VALUES
(1, 'Arrêt', '2020-01-20 12:14:03', NULL),
(2, 'Jugement', '2020-01-20 12:14:03', NULL),
(3, 'Lois', '2020-01-20 12:14:03', NULL),
(4, 'EDR', '2020-01-20 12:14:03', NULL),
(5, 'Décret', '2020-01-20 12:14:03', NULL),
(6, 'Pv', '2020-01-20 12:14:03', NULL),
(7, 'Autre', '2020-01-20 12:14:03', NULL);

-- --------------------------------------------------------

--
-- Table structure for table `clients`
--

CREATE TABLE `clients` (
  `id` bigint(20) UNSIGNED NOT NULL,
  `Prenom` varchar(255) COLLATE utf8mb4_unicode_ci NOT NULL,
  `Nom` varchar(255) COLLATE utf8mb4_unicode_ci NOT NULL,
  `CNI` varchar(255) COLLATE utf8mb4_unicode_ci NOT NULL,
  `NumCentre` varchar(255) COLLATE utf8mb4_unicode_ci NOT NULL,
  `EtatDedomagement` int(10) UNSIGNED NOT NULL,
  `MontantDemande` decimal(10,2) UNSIGNED NOT NULL,
  `MontantRecu` decimal(10,2) UNSIGNED NOT NULL,
  `created_at` timestamp NULL DEFAULT NULL,
  `updated_at` timestamp NULL DEFAULT NULL
) ENGINE=InnoDB DEFAULT CHARSET=utf8mb4 COLLATE=utf8mb4_unicode_ci;

--
-- Dumping data for table `clients`
--

INSERT INTO `clients` (`id`, `Prenom`, `Nom`, `CNI`, `NumCentre`, `EtatDedomagement`, `MontantDemande`, `MontantRecu`, `created_at`, `updated_at`) VALUES
(1, 'NDEYE', 'NDIAYE', '', '', 0, '0.00', '0.00', '0000-00-00 00:00:00', '0000-00-00 00:00:00'),
(2, 'BAYE', 'DIAW', '', '', 0, '0.00', '0.00', '0000-00-00 00:00:00', '0000-00-00 00:00:00'),
(3, 'ISSA', 'BA', '', '', 0, '0.00', '0.00', '0000-00-00 00:00:00', '0000-00-00 00:00:00'),
(4, 'MASS', 'THIAM', '', '', 0, '0.00', '0.00', '0000-00-00 00:00:00', '0000-00-00 00:00:00'),
(5, 'YAYA', 'COULIBALY', '', '', 0, '0.00', '0.00', '0000-00-00 00:00:00', '0000-00-00 00:00:00'),
(6, 'ABDOULAYE', 'SOW', '1 739 196 400 004', '0', 0, '0.00', '0.00', '0000-00-00 00:00:00', '0000-00-00 00:00:00'),
(7, 'ABDOULAYE', 'DIOP', '1 765 198 004 540', '765', 1, '4282000.00', '1856000.00', '0000-00-00 00:00:00', '0000-00-00 00:00:00'),
(8, 'IDRISSA', 'MASSALY', '', '', 0, '0.00', '0.00', '0000-00-00 00:00:00', '0000-00-00 00:00:00'),
(15, 'ABOUBACRY', 'BARRY', '1 756 196 605 587', '756', 1, '0.00', '3883000.00', '0000-00-00 00:00:00', '0000-00-00 00:00:00'),
(16, 'ABOUBACRY', 'HANN', '1 751 197 003 540', '751', 1, '19437600.00', '4187000.00', '0000-00-00 00:00:00', '0000-00-00 00:00:00'),
(25, 'AISSA', 'SOW', '2 751 197 402 697', '751', 1, '3950000.00', '4680500.00', '0000-00-00 00:00:00', '0000-00-00 00:00:00'),
(27, 'AISSATOU', 'NDIAYE', '2 751 196 606 504', '751', 1, '0.00', '704500.00', '0000-00-00 00:00:00', '0000-00-00 00:00:00'),
(29, 'ALASANE DIOGO', 'DIALLO', '17 651 976 069', '765', 1, '10658500.00', '3873000.00', '0000-00-00 00:00:00', '0000-00-00 00:00:00'),
(35, 'ALIOUNE', 'MBENGUE', '1 688 198 300 602', '0', 1, '5000000.00', '1025000.00', '0000-00-00 00:00:00', '0000-00-00 00:00:00'),
(49, 'ANTA', 'MBOW', '2 765 198 806 202', '765', 1, '4379000.00', '1856000.00', '0000-00-00 00:00:00', '0000-00-00 00:00:00'),
(61, 'BARA', 'SOW', '123 819 910 620', '0', 1, '13919400.00', '7978000.00', '0000-00-00 00:00:00', '0000-00-00 00:00:00'),
(66, 'BOURY', 'MBAYE', '2 751 196 913 931', '751', 1, '6015500.00', '1540000.00', '0000-00-00 00:00:00', '0000-00-00 00:00:00'),
(72, 'CHEIKH', 'KANE', '1 765 197 201 750', '765', 1, '4498000.00', '1646500.00', '0000-00-00 00:00:00', '0000-00-00 00:00:00'),
(73, 'CHEIKH', 'KANDJI', '1 225 197 400 637', '225', 1, '0.00', '4122500.00', '0000-00-00 00:00:00', '0000-00-00 00:00:00'),
(78, 'COUMBA', 'GADIAGA', 'PP A 00075391', '0', 1, '0.00', '786500.00', '0000-00-00 00:00:00', '0000-00-00 00:00:00'),
(80, 'DAME', 'DIAW', '1 766 197 904 464', '766', 0, '0.00', '0.00', '0000-00-00 00:00:00', '0000-00-00 00:00:00'),
(85, 'DIEYNABA', 'SOW', '2 751 195 208 945', '751', 1, '4200000.00', '3260000.00', '0000-00-00 00:00:00', '0000-00-00 00:00:00'),
(86, 'EL HADJI', 'WAGUE', '1 619 197 404 716', '619', 1, '0.00', '1851500.00', '0000-00-00 00:00:00', '0000-00-00 00:00:00'),
(91, 'FADEL', 'SOW', '1 496 197 400 074', '0', 1, '0.00', '1323000.00', '0000-00-00 00:00:00', '0000-00-00 00:00:00'),
(92, 'FALLOU', 'BEYE', '1 847 198 400 671', '847', 1, '0.00', '1936000.00', '0000-00-00 00:00:00', '0000-00-00 00:00:00'),
(93, 'FALLOU', 'SOW', '1 765 199 405 043', '765', 1, '8103000.00', '1868000.00', '0000-00-00 00:00:00', '0000-00-00 00:00:00'),
(95, 'FATOU', 'SECK', '2 819 196 900 071', '0', 1, '0.00', '1983000.00', '0000-00-00 00:00:00', '0000-00-00 00:00:00'),
(96, 'FATOU', 'DIARRA', '2 619 197 707 938', '619', 1, '15036500.00', '3145333.00', '0000-00-00 00:00:00', '0000-00-00 00:00:00'),
(98, 'FATOU', 'NDIAYE', '2 765 197 901 475', '765', 0, '0.00', '0.00', '0000-00-00 00:00:00', '0000-00-00 00:00:00'),
(108, 'IBOU', 'NDIAYE', '', '0', 2, '0.00', '1977500.00', '0000-00-00 00:00:00', '0000-00-00 00:00:00'),
(111, 'IBRAHIMA', 'DIALLO', '1 277 198 106 138', '277', 1, '0.00', '2802000.00', '0000-00-00 00:00:00', '0000-00-00 00:00:00'),
(114, 'IBRAHIMA', 'BALDE', '1 054 200 004 888', '0', 1, '0.00', '536000.00', '0000-00-00 00:00:00', '0000-00-00 00:00:00'),
(124, 'KANNY', 'GUISSE', '27 671 977 028 092', '767', 1, '0.00', '1228000.00', '0000-00-00 00:00:00', '0000-00-00 00:00:00'),
(128, 'KHADY', 'BARRY', '2 765 198 806 963', '765', 1, '9193000.00', '3591000.00', '0000-00-00 00:00:00', '0000-00-00 00:00:00'),
(135, 'LOBEL MAMADOU', 'NIANG', '2 315 197 800 215', '0', 1, '10391000.00', '2307000.00', '0000-00-00 00:00:00', '0000-00-00 00:00:00'),
(136, 'LOUISE MARIE FATOU', 'NDIAYE', '2,75E+12', '751', 1, '14127600.00', '3438000.00', '0000-00-00 00:00:00', '0000-00-00 00:00:00'),
(144, 'MALICK', 'NDIAYE', '1 456 197 800 132', '0', 1, '6972000.00', '536500.00', '0000-00-00 00:00:00', '0000-00-00 00:00:00'),
(145, 'MALKHA', 'FALL', '2 619 198 303 302', '619', 1, '0.00', '1066000.00', '0000-00-00 00:00:00', '0000-00-00 00:00:00'),
(154, 'MAMADOU DOUHE', 'BAH', 'CG 3972858/08', '0', 1, '0.00', '1104500.00', '0000-00-00 00:00:00', '0000-00-00 00:00:00'),
(160, 'MAMADOU SAIDOU', 'DIALLO', '1 765 196 903 296', '765', 1, '0.00', '5347500.00', '0000-00-00 00:00:00', '0000-00-00 00:00:00'),
(161, 'MAMADOU SALIOU', 'BALDE', '1 767 198 505 675', '767', 1, '3000000.00', '1281500.00', '0000-00-00 00:00:00', '0000-00-00 00:00:00'),
(167, 'MARIAMA', 'AGNE', '2 139 199 701 838', '0', 1, '0.00', '2417500.00', '0000-00-00 00:00:00', '0000-00-00 00:00:00'),
(171, 'MARIEME', 'DIOP', '2 306 196 500 062', '0', 1, '3500000.00', '4434000.00', '0000-00-00 00:00:00', '0000-00-00 00:00:00'),
(174, 'MATAR', 'NGOM', '1 618 197 700 062', '618', 1, '14812000.00', '3690000.00', '0000-00-00 00:00:00', '0000-00-00 00:00:00'),
(180, 'MOHAMED MEISSA', 'WAGUE', '1 870 199 501 198', '0', 1, '0.00', '1767500.00', '0000-00-00 00:00:00', '0000-00-00 00:00:00'),
(181, 'MOR', 'DIONGUE', '1 751 196 307 125', '751', 1, '4200000.00', '383500.00', '0000-00-00 00:00:00', '0000-00-00 00:00:00'),
(183, 'MOR TOURE', 'THIAM', '1 767 198 202 840', '767', 1, '0.00', '5880000.00', '0000-00-00 00:00:00', '0000-00-00 00:00:00'),
(186, 'MOUHAMADOU LAMINE', 'LAM', '17 571 977 017 222', '757', 1, '43390000.00', '11664500.00', '0000-00-00 00:00:00', '0000-00-00 00:00:00'),
(191, 'MOUHAMED SALIOU', 'DIALLO', '1 751 199 703 775', '751', 1, '0.00', '11486200.00', '0000-00-00 00:00:00', '0000-00-00 00:00:00'),
(209, 'NGAGNE', 'BEYE', '1 766 197 900 091', '766', 1, '0.00', '3731000.00', '0000-00-00 00:00:00', '0000-00-00 00:00:00'),
(212, 'OUMAR', 'DIOUM', '1 847 198 500 353', '847', 1, '0.00', '1576000.00', '0000-00-00 00:00:00', '0000-00-00 00:00:00'),
(222, 'PAPE ISSA', 'KANTE', '1 847 198 903 065', '847', 1, '0.00', '1935000.00', '0000-00-00 00:00:00', '0000-00-00 00:00:00'),
(223, 'PAPE MAILICK', 'DIAW', '1 751 198 100 336', '751', 1, '7137000.00', '3868000.00', '0000-00-00 00:00:00', '0000-00-00 00:00:00'),
(226, 'PATCHIE', 'GOMIS', '1 247 199 400 195', '0', 1, '19506250.00', '6817500.00', '0000-00-00 00:00:00', '0000-00-00 00:00:00'),
(230, 'SADIO', 'GADIAGA', 'PP OA 941121', '0', 1, '0.00', '1080500.00', '0000-00-00 00:00:00', '0000-00-00 00:00:00'),
(235, 'SEYDOU ', 'DIALLO', '', '0', 0, '0.00', '0.00', '0000-00-00 00:00:00', '0000-00-00 00:00:00'),
(236, 'SEYNABOU', 'MBAYE', '2 648 196 300 002', '0', 1, '0.00', '3306000.00', '0000-00-00 00:00:00', '0000-00-00 00:00:00'),
(237, 'SOKHNA', 'SAMBA', '2 751 196 905 613', '751', 1, '0.00', '1221500.00', '0000-00-00 00:00:00', '0000-00-00 00:00:00');

-- --------------------------------------------------------

--
-- Table structure for table `constructions`
--

CREATE TABLE `constructions` (
  `id` bigint(20) UNSIGNED NOT NULL,
  `client_id` bigint(20) UNSIGNED NOT NULL,
  `macon_id` bigint(20) UNSIGNED NOT NULL,
  `created_at` timestamp NULL DEFAULT NULL,
  `updated_at` timestamp NULL DEFAULT NULL
) ENGINE=InnoDB DEFAULT CHARSET=utf8mb4 COLLATE=utf8mb4_unicode_ci;

-- --------------------------------------------------------

--
-- Table structure for table `factures`
--

CREATE TABLE `factures` (
  `id` bigint(20) UNSIGNED NOT NULL,
  `Numero` int(10) UNSIGNED NOT NULL,
  `client_id` bigint(20) UNSIGNED NOT NULL,
  `fournisseur_id` bigint(20) UNSIGNED NOT NULL,
  `Date` date NOT NULL,
  `created_at` timestamp NULL DEFAULT NULL,
  `updated_at` timestamp NULL DEFAULT NULL
) ENGINE=InnoDB DEFAULT CHARSET=utf8mb4 COLLATE=utf8mb4_unicode_ci;

--
-- Dumping data for table `factures`
--

INSERT INTO `factures` (`id`, `Numero`, `client_id`, `fournisseur_id`, `Date`, `created_at`, `updated_at`) VALUES
(1, 26, 15, 2, '2013-04-22', '0000-00-00 00:00:00', '0000-00-00 00:00:00'),
(2, 50, 15, 2, '2013-05-06', '0000-00-00 00:00:00', '0000-00-00 00:00:00'),
(3, 42, 16, 2, '2013-04-20', '0000-00-00 00:00:00', '0000-00-00 00:00:00'),
(4, 41, 27, 2, '2013-03-04', '0000-00-00 00:00:00', '0000-00-00 00:00:00'),
(5, 47, 27, 2, '2013-03-07', '0000-00-00 00:00:00', '0000-00-00 00:00:00'),
(6, 73, 27, 2, '2013-03-08', '0000-00-00 00:00:00', '0000-00-00 00:00:00'),
(7, 40, 49, 2, '2013-06-19', '0000-00-00 00:00:00', '0000-00-00 00:00:00'),
(8, 593, 61, 2, '2012-11-29', '0000-00-00 00:00:00', '0000-00-00 00:00:00'),
(9, 38, 66, 2, '2013-11-03', '0000-00-00 00:00:00', '0000-00-00 00:00:00'),
(10, 35, 80, 2, '2013-06-19', '0000-00-00 00:00:00', '0000-00-00 00:00:00'),
(11, 49, 92, 2, '2013-07-02', '0000-00-00 00:00:00', '0000-00-00 00:00:00'),
(12, 68, 92, 2, '2013-07-10', '0000-00-00 00:00:00', '0000-00-00 00:00:00'),
(13, 71, 92, 2, '2013-06-25', '0000-00-00 00:00:00', '0000-00-00 00:00:00'),
(14, 66, 171, 2, '2013-02-10', '0000-00-00 00:00:00', '0000-00-00 00:00:00'),
(15, 67, 171, 2, '2012-07-10', '0000-00-00 00:00:00', '0000-00-00 00:00:00'),
(17, 18, 186, 2, '2013-05-11', '0000-00-00 00:00:00', '0000-00-00 00:00:00'),
(18, 20, 186, 2, '2013-07-26', '0000-00-00 00:00:00', '0000-00-00 00:00:00'),
(19, 21, 186, 2, '2013-06-25', '0000-00-00 00:00:00', '0000-00-00 00:00:00'),
(20, 22, 186, 2, '2013-06-18', '0000-00-00 00:00:00', '0000-00-00 00:00:00'),
(21, 44, 186, 2, '2013-07-15', '0000-00-00 00:00:00', '0000-00-00 00:00:00'),
(22, 70, 186, 2, '2013-09-19', '0000-00-00 00:00:00', '0000-00-00 00:00:00'),
(23, 74, 186, 2, '2013-05-20', '0000-00-00 00:00:00', '0000-00-00 00:00:00'),
(24, 77, 186, 2, '2013-05-30', '0000-00-00 00:00:00', '0000-00-00 00:00:00'),
(25, 143, 186, 2, '2013-05-13', '0000-00-00 00:00:00', '0000-00-00 00:00:00'),
(26, 191, 186, 2, '2013-05-14', '0000-00-00 00:00:00', '0000-00-00 00:00:00'),
(27, 192, 186, 2, '2013-05-19', '0000-00-00 00:00:00', '0000-00-00 00:00:00'),
(28, 193, 186, 2, '2013-05-20', '0000-00-00 00:00:00', '0000-00-00 00:00:00'),
(29, 194, 186, 2, '2013-05-28', '0000-00-00 00:00:00', '0000-00-00 00:00:00'),
(30, 195, 186, 2, '2013-05-29', '0000-00-00 00:00:00', '0000-00-00 00:00:00'),
(31, 221, 186, 2, '2013-06-06', '0000-00-00 00:00:00', '0000-00-00 00:00:00'),
(32, 53, 209, 2, '2013-07-15', '0000-00-00 00:00:00', '0000-00-00 00:00:00'),
(33, 56, 209, 2, '2013-07-22', '0000-00-00 00:00:00', '0000-00-00 00:00:00'),
(34, 60, 209, 2, '2013-07-30', '0000-00-00 00:00:00', '0000-00-00 00:00:00'),
(35, 63, 209, 2, '2013-08-05', '0000-00-00 00:00:00', '0000-00-00 00:00:00'),
(36, 81, 235, 2, '2013-05-10', '0000-00-00 00:00:00', '0000-00-00 00:00:00'),
(37, 83, 235, 2, '2013-05-10', '0000-00-00 00:00:00', '0000-00-00 00:00:00'),
(38, 89, 235, 2, '2013-05-26', '0000-00-00 00:00:00', '0000-00-00 00:00:00'),
(39, 90, 235, 2, '2013-05-22', '0000-00-00 00:00:00', '0000-00-00 00:00:00'),
(40, 91, 235, 2, '2013-05-22', '0000-00-00 00:00:00', '0000-00-00 00:00:00'),
(41, 93, 235, 2, '2013-05-29', '0000-00-00 00:00:00', '0000-00-00 00:00:00'),
(42, 267, 235, 2, '2013-06-18', '0000-00-00 00:00:00', '0000-00-00 00:00:00'),
(43, 274, 235, 2, '2013-06-20', '0000-00-00 00:00:00', '0000-00-00 00:00:00'),
(44, 314, 98, 13, '2013-10-05', '0000-00-00 00:00:00', '0000-00-00 00:00:00'),
(45, 315, 98, 13, '2013-10-10', '0000-00-00 00:00:00', '0000-00-00 00:00:00'),
(46, 319, 98, 13, '2013-10-25', '0000-00-00 00:00:00', '0000-00-00 00:00:00'),
(47, 322, 98, 13, '2013-11-05', '0000-00-00 00:00:00', '0000-00-00 00:00:00'),
(48, 13, 226, 13, '2012-04-28', '0000-00-00 00:00:00', '0000-00-00 00:00:00'),
(49, 357, 226, 13, '2012-12-12', '0000-00-00 00:00:00', '0000-00-00 00:00:00'),
(50, 362, 226, 13, '2012-12-14', '0000-00-00 00:00:00', '0000-00-00 00:00:00'),
(51, 364, 226, 13, '2012-12-15', '0000-00-00 00:00:00', '0000-00-00 00:00:00'),
(52, 365, 226, 13, '2012-12-18', '0000-00-00 00:00:00', '0000-00-00 00:00:00'),
(53, 367, 226, 13, '2012-12-20', '0000-00-00 00:00:00', '0000-00-00 00:00:00'),
(54, 368, 226, 13, '2012-12-20', '0000-00-00 00:00:00', '0000-00-00 00:00:00'),
(55, 371, 226, 13, '2012-12-21', '0000-00-00 00:00:00', '0000-00-00 00:00:00'),
(56, 452, 226, 13, '2012-11-16', '0000-00-00 00:00:00', '0000-00-00 00:00:00'),
(57, 453, 226, 13, '2012-11-22', '0000-00-00 00:00:00', '0000-00-00 00:00:00'),
(58, 465, 226, 13, '2012-11-24', '0000-00-00 00:00:00', '0000-00-00 00:00:00'),
(59, 470, 226, 13, '2012-11-27', '0000-00-00 00:00:00', '0000-00-00 00:00:00'),
(60, 488, 226, 13, '2012-12-04', '0000-00-00 00:00:00', '0000-00-00 00:00:00'),
(61, 493, 226, 13, '2012-11-06', '0000-00-00 00:00:00', '0000-00-00 00:00:00'),
(62, 280, 6, 18, '2012-08-04', '0000-00-00 00:00:00', '0000-00-00 00:00:00'),
(63, 281, 6, 18, '2013-04-01', '0000-00-00 00:00:00', '0000-00-00 00:00:00'),
(64, 392, 6, 18, '2012-09-25', '0000-00-00 00:00:00', '0000-00-00 00:00:00'),
(65, 356, 183, 18, '2012-05-04', '0000-00-00 00:00:00', '0000-00-00 00:00:00'),
(66, 379, 7, 18, '2013-07-27', '0000-00-00 00:00:00', '0000-00-00 00:00:00'),
(67, 295, 16, 18, '2012-08-02', '0000-00-00 00:00:00', '0000-00-00 00:00:00'),
(68, 297, 16, 18, '2013-06-05', '0000-00-00 00:00:00', '0000-00-00 00:00:00'),
(69, 346, 16, 18, '2012-08-30', '0000-00-00 00:00:00', '0000-00-00 00:00:00'),
(70, 348, 7, 18, '2013-07-13', '0000-00-00 00:00:00', '0000-00-00 00:00:00'),
(71, 262, 25, 18, '2012-12-25', '0000-00-00 00:00:00', '0000-00-00 00:00:00'),
(72, 369, 25, 18, '2013-07-29', '0000-00-00 00:00:00', '0000-00-00 00:00:00'),
(73, 371, 25, 18, '2013-06-15', '0000-00-00 00:00:00', '0000-00-00 00:00:00'),
(74, 285, 29, 18, '2012-12-05', '0000-00-00 00:00:00', '0000-00-00 00:00:00'),
(75, 286, 29, 18, '2013-04-04', '0000-00-00 00:00:00', '0000-00-00 00:00:00'),
(76, 287, 29, 18, '2013-06-08', '0000-00-00 00:00:00', '0000-00-00 00:00:00'),
(77, 273, 35, 18, '2013-03-10', '0000-00-00 00:00:00', '0000-00-00 00:00:00'),
(78, 374, 61, 18, '2013-07-15', '0000-00-00 00:00:00', '0000-00-00 00:00:00'),
(79, 394, 61, 18, '2012-10-10', '0000-00-00 00:00:00', '0000-00-00 00:00:00'),
(80, 256, 72, 18, '2012-11-10', '0000-00-00 00:00:00', '0000-00-00 00:00:00'),
(81, 267, 72, 18, '2013-02-05', '0000-00-00 00:00:00', '0000-00-00 00:00:00'),
(82, 361, 73, 18, '2012-06-01', '0000-00-00 00:00:00', '0000-00-00 00:00:00'),
(83, 395, 78, 18, '2012-05-30', '0000-00-00 00:00:00', '0000-00-00 00:00:00'),
(84, 276, 85, 18, '2013-11-05', '0000-00-00 00:00:00', '0000-00-00 00:00:00'),
(85, 277, 85, 18, '2013-08-04', '0000-00-00 00:00:00', '0000-00-00 00:00:00'),
(86, 278, 85, 18, '2012-08-07', '0000-00-00 00:00:00', '0000-00-00 00:00:00'),
(87, 396, 86, 18, '2013-01-06', '0000-00-00 00:00:00', '0000-00-00 00:00:00'),
(88, 344, 91, 18, '2013-07-10', '0000-00-00 00:00:00', '0000-00-00 00:00:00'),
(89, 376, 93, 18, '2013-06-18', '0000-00-00 00:00:00', '0000-00-00 00:00:00'),
(90, 378, 93, 18, '2013-07-20', '0000-00-00 00:00:00', '0000-00-00 00:00:00'),
(91, 384, 95, 18, '2013-08-27', '0000-00-00 00:00:00', '0000-00-00 00:00:00'),
(92, 464, 95, 18, '2013-09-10', '0000-00-00 00:00:00', '0000-00-00 00:00:00'),
(93, 388, 96, 18, '2012-07-27', '0000-00-00 00:00:00', '0000-00-00 00:00:00'),
(94, 454, 108, 18, '2012-11-05', '0000-00-00 00:00:00', '0000-00-00 00:00:00'),
(95, 357, 111, 18, '2012-12-10', '0000-00-00 00:00:00', '0000-00-00 00:00:00'),
(96, 380, 111, 18, '2013-05-01', '0000-00-00 00:00:00', '0000-00-00 00:00:00'),
(97, 393, 114, 18, '2013-08-27', '0000-00-00 00:00:00', '0000-00-00 00:00:00'),
(98, 240, 128, 18, '2013-04-03', '0000-00-00 00:00:00', '0000-00-00 00:00:00'),
(99, 243, 124, 18, '2013-07-05', '0000-00-00 00:00:00', '0000-00-00 00:00:00'),
(100, 244, 124, 18, '2013-08-04', '0000-00-00 00:00:00', '0000-00-00 00:00:00'),
(101, 239, 128, 18, '2013-02-01', '0000-00-00 00:00:00', '0000-00-00 00:00:00'),
(102, 247, 135, 18, '2012-05-05', '0000-00-00 00:00:00', '0000-00-00 00:00:00'),
(103, 398, 135, 18, '2013-07-10', '0000-00-00 00:00:00', '0000-00-00 00:00:00'),
(104, 335, 136, 18, '2012-05-05', '0000-00-00 00:00:00', '0000-00-00 00:00:00'),
(105, 362, 136, 18, '2013-07-13', '0000-00-00 00:00:00', '0000-00-00 00:00:00'),
(106, 246, 144, 18, '2012-05-05', '0000-00-00 00:00:00', '0000-00-00 00:00:00'),
(107, 466, 145, 18, '2013-10-15', '0000-00-00 00:00:00', '0000-00-00 00:00:00'),
(108, 307, 154, 18, '2013-02-10', '0000-00-00 00:00:00', '0000-00-00 00:00:00'),
(109, 264, 160, 18, '2013-04-03', '0000-00-00 00:00:00', '0000-00-00 00:00:00'),
(110, 265, 160, 18, '2012-12-08', '0000-00-00 00:00:00', '0000-00-00 00:00:00'),
(111, 274, 161, 18, '2013-11-20', '0000-00-00 00:00:00', '0000-00-00 00:00:00'),
(112, 275, 161, 18, '2012-10-12', '0000-00-00 00:00:00', '0000-00-00 00:00:00'),
(113, 313, 167, 18, '2013-08-15', '0000-00-00 00:00:00', '0000-00-00 00:00:00'),
(114, 315, 167, 18, '2012-05-05', '0000-00-00 00:00:00', '0000-00-00 00:00:00'),
(115, 245, 174, 18, '2012-06-07', '0000-00-00 00:00:00', '0000-00-00 00:00:00'),
(116, 248, 174, 18, '2013-08-06', '0000-00-00 00:00:00', '0000-00-00 00:00:00'),
(117, 453, 180, 18, '2013-05-18', '0000-00-00 00:00:00', '0000-00-00 00:00:00'),
(118, 323, 181, 18, '2013-10-17', '0000-00-00 00:00:00', '0000-00-00 00:00:00'),
(119, 367, 183, 18, '2013-07-10', '0000-00-00 00:00:00', '0000-00-00 00:00:00'),
(120, 368, 183, 18, '2013-08-05', '0000-00-00 00:00:00', '0000-00-00 00:00:00'),
(121, 251, 191, 18, '2013-11-23', '0000-00-00 00:00:00', '0000-00-00 00:00:00'),
(122, 252, 191, 18, '2012-11-26', '0000-00-00 00:00:00', '0000-00-00 00:00:00'),
(123, 253, 191, 18, '2012-12-08', '0000-00-00 00:00:00', '0000-00-00 00:00:00'),
(124, 254, 191, 18, '2013-01-02', '0000-00-00 00:00:00', '0000-00-00 00:00:00'),
(125, 255, 191, 18, '2012-12-17', '0000-00-00 00:00:00', '0000-00-00 00:00:00'),
(128, 373, 212, 18, '2013-08-15', '0000-00-00 00:00:00', '0000-00-00 00:00:00'),
(129, 319, 222, 18, '2012-08-30', '0000-00-00 00:00:00', '0000-00-00 00:00:00'),
(130, 390, 222, 18, '2012-07-25', '0000-00-00 00:00:00', '0000-00-00 00:00:00'),
(131, 338, 223, 18, '2012-12-10', '0000-00-00 00:00:00', '0000-00-00 00:00:00'),
(132, 339, 223, 18, '2013-01-05', '0000-00-00 00:00:00', '0000-00-00 00:00:00'),
(133, 370, 230, 18, '2013-06-10', '0000-00-00 00:00:00', '0000-00-00 00:00:00'),
(134, 301, 236, 18, '2012-03-01', '0000-00-00 00:00:00', '0000-00-00 00:00:00'),
(135, 302, 236, 18, '2012-05-30', '0000-00-00 00:00:00', '0000-00-00 00:00:00'),
(136, 303, 236, 18, '2013-04-02', '0000-00-00 00:00:00', '0000-00-00 00:00:00'),
(137, 322, 226, 19, '2013-08-20', '0000-00-00 00:00:00', '0000-00-00 00:00:00'),
(138, 51, 226, 19, '2013-10-09', '0000-00-00 00:00:00', '0000-00-00 00:00:00'),
(139, 52, 226, 19, '2013-10-09', '0000-00-00 00:00:00', '0000-00-00 00:00:00'),
(140, 71, 226, 19, '2013-10-24', '0000-00-00 00:00:00', '0000-00-00 00:00:00'),
(141, 92, 226, 19, '2013-10-31', '0000-00-00 00:00:00', '0000-00-00 00:00:00'),
(142, 127, 226, 19, '2013-10-05', '0000-00-00 00:00:00', '0000-00-00 00:00:00'),
(143, 145, 226, 19, '2013-10-28', '0000-00-00 00:00:00', '0000-00-00 00:00:00'),
(144, 152, 226, 19, '2013-11-09', '0000-00-00 00:00:00', '0000-00-00 00:00:00'),
(145, 153, 226, 19, '2013-11-11', '0000-00-00 00:00:00', '0000-00-00 00:00:00'),
(146, 171, 226, 19, '2013-11-16', '0000-00-00 00:00:00', '0000-00-00 00:00:00'),
(147, 403, 226, 19, '2013-09-17', '0000-00-00 00:00:00', '0000-00-00 00:00:00'),
(148, 405, 226, 19, '2013-09-02', '0000-00-00 00:00:00', '0000-00-00 00:00:00'),
(149, 408, 226, 19, '2013-09-18', '0000-00-00 00:00:00', '0000-00-00 00:00:00'),
(150, 413, 226, 19, '2013-09-19', '0000-00-00 00:00:00', '0000-00-00 00:00:00'),
(151, 416, 226, 19, '2013-09-20', '0000-00-00 00:00:00', '0000-00-00 00:00:00'),
(152, 450, 1, 18, '2012-05-03', '0000-00-00 00:00:00', '0000-00-00 00:00:00'),
(153, 299, 1, 18, '2012-06-04', '0000-00-00 00:00:00', '0000-00-00 00:00:00'),
(154, 322, 237, 18, '2012-08-20', '0000-00-00 00:00:00', '0000-00-00 00:00:00'),
(155, 305, 78, 18, '2012-05-30', '0000-00-00 00:00:00', '0000-00-00 00:00:00'),
(156, 234, 2, 2, '2013-06-06', '0000-00-00 00:00:00', '0000-00-00 00:00:00'),
(157, 237, 2, 2, '2013-08-10', '0000-00-00 00:00:00', '0000-00-00 00:00:00'),
(158, 16, 3, 13, '2013-08-17', '0000-00-00 00:00:00', '0000-00-00 00:00:00'),
(159, 30, 3, 13, '2013-08-27', '0000-00-00 00:00:00', '0000-00-00 00:00:00'),
(160, 40, 4, 13, '2013-09-05', '0000-00-00 00:00:00', '0000-00-00 00:00:00'),
(161, 180, 3, 13, '2013-08-22', '0000-00-00 00:00:00', '0000-00-00 00:00:00'),
(162, 434, 3, 13, '2013-08-04', '0000-00-00 00:00:00', '0000-00-00 00:00:00'),
(163, 178, 5, 13, '2013-09-16', '0000-00-00 00:00:00', '0000-00-00 00:00:00'),
(164, 179, 5, 13, '2013-08-02', '0000-00-00 00:00:00', '0000-00-00 00:00:00'),
(165, 57, 8, 19, '2013-10-10', '0000-00-00 00:00:00', '0000-00-00 00:00:00'),
(166, 65, 8, 19, '2013-10-11', '0000-00-00 00:00:00', '0000-00-00 00:00:00'),
(167, 108, 8, 19, '2013-10-01', '0000-00-00 00:00:00', '0000-00-00 00:00:00'),
(168, 120, 8, 19, '2013-10-03', '0000-00-00 00:00:00', '0000-00-00 00:00:00'),
(169, 134, 8, 19, '2013-10-06', '0000-00-00 00:00:00', '0000-00-00 00:00:00'),
(170, 382, 8, 19, '2013-09-06', '0000-00-00 00:00:00', '0000-00-00 00:00:00'),
(171, 399, 8, 19, '2013-09-13', '0000-00-00 00:00:00', '0000-00-00 00:00:00'),
(172, 411, 8, 19, '2013-09-19', '0000-00-00 00:00:00', '0000-00-00 00:00:00'),
(173, 429, 8, 19, '2013-09-23', '0000-00-00 00:00:00', '0000-00-00 00:00:00'),
(174, 94, 96, 19, '2013-11-01', '0000-00-00 00:00:00', '0000-00-00 00:00:00'),
(175, 109, 96, 19, '2013-10-01', '0000-00-00 00:00:00', '0000-00-00 00:00:00'),
(176, 124, 96, 19, '2013-10-04', '0000-00-00 00:00:00', '0000-00-00 00:00:00'),
(177, 132, 96, 19, '2013-10-06', '0000-00-00 00:00:00', '0000-00-00 00:00:00'),
(178, 151, 96, 19, '2013-11-06', '0000-00-00 00:00:00', '0000-00-00 00:00:00'),
(179, 240, 96, 19, '2013-07-11', '0000-00-00 00:00:00', '0000-00-00 00:00:00'),
(180, 330, 96, 19, '2013-06-09', '0000-00-00 00:00:00', '0000-00-00 00:00:00'),
(181, 331, 96, 19, '2013-06-10', '0000-00-00 00:00:00', '0000-00-00 00:00:00'),
(182, 393, 96, 19, '2013-09-14', '0000-00-00 00:00:00', '0000-00-00 00:00:00'),
(183, 424, 226, 19, '2013-09-22', '0000-00-00 00:00:00', '0000-00-00 00:00:00'),
(184, 448, 96, 19, '2013-09-27', '0000-00-00 00:00:00', '0000-00-00 00:00:00'),
(185, 454, 96, 19, '2013-07-16', '0000-00-00 00:00:00', '0000-00-00 00:00:00'),
(186, 462, 96, 19, '2013-07-20', '0000-00-00 00:00:00', '0000-00-00 00:00:00'),
(187, 466, 96, 19, '2013-07-18', '0000-00-00 00:00:00', '0000-00-00 00:00:00'),
(188, 472, 96, 19, '2013-07-17', '0000-00-00 00:00:00', '0000-00-00 00:00:00'),
(189, 478, 96, 19, '2013-07-24', '0000-00-00 00:00:00', '0000-00-00 00:00:00');

-- --------------------------------------------------------

--
-- Table structure for table `failed_jobs`
--

CREATE TABLE `failed_jobs` (
  `id` bigint(20) UNSIGNED NOT NULL,
  `connection` text COLLATE utf8mb4_unicode_ci NOT NULL,
  `queue` text COLLATE utf8mb4_unicode_ci NOT NULL,
  `payload` longtext COLLATE utf8mb4_unicode_ci NOT NULL,
  `exception` longtext COLLATE utf8mb4_unicode_ci NOT NULL,
  `failed_at` timestamp NOT NULL DEFAULT CURRENT_TIMESTAMP
) ENGINE=InnoDB DEFAULT CHARSET=utf8mb4 COLLATE=utf8mb4_unicode_ci;

-- --------------------------------------------------------

--
-- Table structure for table `fichiers`
--

CREATE TABLE `fichiers` (
  `id` bigint(20) UNSIGNED NOT NULL,
  `fichier` varchar(255) COLLATE utf8mb4_unicode_ci NOT NULL,
  `categorie_id` bigint(20) UNSIGNED NOT NULL,
  `created_at` timestamp NULL DEFAULT NULL,
  `updated_at` timestamp NULL DEFAULT NULL
) ENGINE=InnoDB DEFAULT CHARSET=utf8mb4 COLLATE=utf8mb4_unicode_ci;

--
-- Dumping data for table `fichiers`
--

INSERT INTO `fichiers` (`id`, `fichier`, `categorie_id`, `created_at`, `updated_at`) VALUES
(1, 'Arrêt n° 02 du 12 Janvier 2017', 1, NULL, NULL),
(2, 'Arrêt n° 14 du 23 Février 2017', 1, '0000-00-00 00:00:00', '0000-00-00 00:00:00'),
(3, 'Arrêt n° 91 du 11 Mars 2019', 1, '0000-00-00 00:00:00', '0000-00-00 00:00:00'),
(4, 'Arrêt n° 303 du 19 Avril 2017', 1, '0000-00-00 00:00:00', '0000-00-00 00:00:00'),
(5, 'Arret n° 368 du 19 Aout 2019', 1, '0000-00-00 00:00:00', '0000-00-00 00:00:00'),
(6, 'Arrêt N° 369 du 07 Décembre 1996', 1, '0000-00-00 00:00:00', '0000-00-00 00:00:00'),
(7, 'Jugement n° 913 du 21 Juillet 2016', 2, '0000-00-00 00:00:00', '0000-00-00 00:00:00'),
(8, 'Jugement n° 1061-2017 et 0865-2015 Parquet du 14 Septembre 2017', 2, '0000-00-00 00:00:00', '0000-00-00 00:00:00'),
(9, 'Mouhamdaou Lamine Lam - Jugement n° 562 du 19 Juin 2014', 2, '0000-00-00 00:00:00', '0000-00-00 00:00:00'),
(10, 'Loi n° 2008-43 du 20 août 2008 portant Code de l’Urbanisme', 3, '0000-00-00 00:00:00', '0000-00-00 00:00:00'),
(11, 'EDR 9952 DP (03 Octobre 2014)', 4, '0000-00-00 00:00:00', '0000-00-00 00:00:00'),
(12, 'EDR 9952 DP (06 Juin 2014)', 4, '0000-00-00 00:00:00', '0000-00-00 00:00:00'),
(13, 'EDR 9952 DP (du 15 Juillet 2019)', 4, '0000-00-00 00:00:00', '0000-00-00 00:00:00'),
(14, 'Décret n° 2007-868 en date du 7 août 2007', 5, '0000-00-00 00:00:00', '0000-00-00 00:00:00'),
(15, 'Décret n° 2009-1450 du 30 Décembre 2009', 5, '0000-00-00 00:00:00', '0000-00-00 00:00:00'),
(16, 'Décret n° 2013-665 du 14 Mai 2013', 5, '0000-00-00 00:00:00', '0000-00-00 00:00:00'),
(17, 'Procès-verbal de constat de dégats', 6, '0000-00-00 00:00:00', '0000-00-00 00:00:00'),
(18, 'Procès-verbal de constat du Collectif de Gadaye', 6, '0000-00-00 00:00:00', '0000-00-00 00:00:00'),
(19, 'Procès-verbal de reconciliation du 29 Septembre 2012', 6, '0000-00-00 00:00:00', '0000-00-00 00:00:00'),
(20, 'Acte de vente notarié du solde du TF 9952 DP', 7, '0000-00-00 00:00:00', '0000-00-00 00:00:00'),
(21, 'ADD 361-2015 du Jugement du 10 Mars 2016 et 865-2015 du Parquet', 7, '0000-00-00 00:00:00', '0000-00-00 00:00:00'),
(22, 'Autorisation de lotir TF 9952 DP', 7, '0000-00-00 00:00:00', '0000-00-00 00:00:00'),
(23, 'BICS 11-12', 7, '0000-00-00 00:00:00', '0000-00-00 00:00:00'),
(24, 'Citation directe', 7, '0000-00-00 00:00:00', '0000-00-00 00:00:00'),
(25, 'Notification de redevances domaniales', 7, '0000-00-00 00:00:00', '0000-00-00 00:00:00'),
(26, 'Réponse de la DSCOS à Me Thioye', 7, '0000-00-00 00:00:00', '0000-00-00 00:00:00');

-- --------------------------------------------------------

--
-- Table structure for table `fournisseurs`
--

CREATE TABLE `fournisseurs` (
  `id` bigint(20) UNSIGNED NOT NULL,
  `fournisseurs` varchar(255) COLLATE utf8mb4_unicode_ci NOT NULL,
  `created_at` timestamp NULL DEFAULT NULL,
  `updated_at` timestamp NULL DEFAULT NULL
) ENGINE=InnoDB DEFAULT CHARSET=utf8mb4 COLLATE=utf8mb4_unicode_ci;

--
-- Dumping data for table `fournisseurs`
--

INSERT INTO `fournisseurs` (`id`, `fournisseurs`, `created_at`, `updated_at`) VALUES
(2, 'ETS TOUBA MADIYANA', NULL, NULL),
(13, 'QUINCAILLERIE MAME MASSAMBA FALL', NULL, NULL),
(18, 'QUINCAILLERIE SOP NABY', NULL, NULL),
(19, 'QUINCAILLERIE SOPE KHADIM', NULL, NULL);

-- --------------------------------------------------------

--
-- Table structure for table `macons`
--

CREATE TABLE `macons` (
  `id` bigint(20) UNSIGNED NOT NULL,
  `Prenom` varchar(255) COLLATE utf8mb4_unicode_ci NOT NULL,
  `Nom` varchar(255) COLLATE utf8mb4_unicode_ci NOT NULL,
  `Telephone` varchar(255) COLLATE utf8mb4_unicode_ci NOT NULL,
  `created_at` timestamp NULL DEFAULT NULL,
  `updated_at` timestamp NULL DEFAULT NULL
) ENGINE=InnoDB DEFAULT CHARSET=utf8mb4 COLLATE=utf8mb4_unicode_ci;

-- --------------------------------------------------------

--
-- Table structure for table `migrations`
--

CREATE TABLE `migrations` (
  `id` int(10) UNSIGNED NOT NULL,
  `migration` varchar(255) COLLATE utf8mb4_unicode_ci NOT NULL,
  `batch` int(11) NOT NULL
) ENGINE=InnoDB DEFAULT CHARSET=utf8mb4 COLLATE=utf8mb4_unicode_ci;

--
-- Dumping data for table `migrations`
--

INSERT INTO `migrations` (`id`, `migration`, `batch`) VALUES
(1, '2014_10_12_000000_create_users_table', 1),
(2, '2014_10_12_100000_create_password_resets_table', 1),
(3, '2019_08_19_000000_create_failed_jobs_table', 1),
(4, '2019_12_28_224455_create_clients_tables', 1),
(5, '2019_12_28_225527_create_fournisseurs', 1),
(6, '2019_12_28_225621_create_macons_tables', 1),
(7, '2019_12_28_225827_create_factures_table', 1),
(8, '2019_12_28_225846_create_constructions_table', 1),
(9, '2019_12_29_021014_add_colum_to_macons_tables', 1),
(10, '2019_12_29_022919_add_colum_to_factures_tables', 1),
(11, '2019_12_29_024007_create_parcelles_tables', 1),
(12, '2020_01_13_124605_create_categories_table', 1),
(13, '2020_01_13_124651_create_fichiers_table', 1);

-- --------------------------------------------------------

--
-- Table structure for table `parcelles`
--

CREATE TABLE `parcelles` (
  `id` bigint(20) UNSIGNED NOT NULL,
  `Numero` varchar(255) COLLATE utf8mb4_unicode_ci NOT NULL,
  `Niveau_declare` varchar(255) COLLATE utf8mb4_unicode_ci NOT NULL,
  `Niveau_reel` varchar(255) COLLATE utf8mb4_unicode_ci NOT NULL,
  `client_id` bigint(20) UNSIGNED NOT NULL,
  `created_at` timestamp NULL DEFAULT NULL,
  `updated_at` timestamp NULL DEFAULT NULL
) ENGINE=InnoDB DEFAULT CHARSET=utf8mb4 COLLATE=utf8mb4_unicode_ci;

--
-- Dumping data for table `parcelles`
--

INSERT INTO `parcelles` (`id`, `Numero`, `Niveau_declare`, `Niveau_reel`, `client_id`, `created_at`, `updated_at`) VALUES
(1, '36', '', 'ELEVATION', 6, NULL, NULL),
(2, '43b', 'FONDATION', '', 7, NULL, NULL),
(3, '97', '', 'ELEVATION', 6, NULL, NULL),
(4, '56', 'ELEVATION', 'ELEVATION', 16, NULL, NULL),
(5, '57', '', 'CLOTURE', 16, NULL, NULL),
(6, '86b', 'ELEVATION', 'TERRAIN NUE FILAO', 25, NULL, NULL),
(7, '231', 'CLOTURE', 'TERRAIN NUE', 27, NULL, NULL),
(8, '76', 'ELEVATION', 'CLOTURE', 29, NULL, NULL),
(9, '70', 'CLOTURE', 'CLOTURE', 35, NULL, NULL),
(10, '2b', 'FONDATION', 'TERRAIN NUE FILAO', 49, NULL, NULL),
(11, '77', 'BATIMENT', 'CLOTURE', 61, NULL, NULL),
(12, '1', 'FONDATION', 'TERRAIN NUE', 66, NULL, NULL),
(13, '5', 'CLOTURE', 'TERRAIN NUE FILAO', 72, NULL, NULL),
(14, '98', 'ELEVATION', 'ELEVATION', 73, NULL, NULL),
(15, '124', 'CLOTURE', 'TERRAIN NUE', 78, NULL, NULL),
(16, '195', '', 'TERRAIN NUE', 78, NULL, NULL),
(17, '223', 'CLOTURE', 'TERRAIN NUE', 80, NULL, NULL),
(18, '81', 'ELEVATION', 'BATIMENT', 85, NULL, NULL),
(19, '133', 'FONDATION', 'TERRAIN NUE', 86, NULL, NULL),
(20, '160', 'FONDATION', 'TERRAIN NUE', 91, NULL, NULL),
(21, '137', 'FONDATION', 'TERRAIN NUE', 92, NULL, NULL),
(22, '40', 'FONDATION', 'ELEVATION', 93, NULL, NULL),
(23, '138', 'FONDATION', 'TERRAIN NUE', 95, NULL, NULL),
(24, '38', 'FONDATION', 'ELEVATION', 96, NULL, NULL),
(25, '84b', '', 'TERRAIN NUE ', 98, NULL, NULL),
(26, '0', 'TERRAIN INEXISTANT', 'TERRAIN INEXISTANT', 108, NULL, NULL),
(27, '209', 'FONDATION', 'ELEVATION', 111, NULL, NULL),
(28, '63', 'CLOTURE', 'BATIMENT', 114, NULL, NULL),
(29, '155', 'FONDATION', 'FONDATION', 124, NULL, NULL),
(30, '60', 'FONDATION', 'CLOTURE ', 128, NULL, NULL),
(31, '68', 'FONDATION', 'CLOTURE', 135, NULL, NULL),
(32, '83', 'ELEVATION', 'ELEVATION', 136, NULL, NULL),
(33, '54b', 'CLOTURE', 'TERRAIN NUE ', 144, NULL, NULL),
(34, '216', 'FONDATION', 'TERRAIN NUE', 145, NULL, NULL),
(35, '222', 'CLOTURE', 'FONDATION', 154, NULL, NULL),
(36, '170', '', 'CLOTURE', 160, NULL, NULL),
(37, '210', 'CLOTURE', 'CLOTURE', 161, NULL, NULL),
(38, '113', 'FONDATION', 'ELEVATION', 167, NULL, NULL),
(39, '3', '', 'TERRAIN NUE FILAO', 171, NULL, NULL),
(40, '35', '', 'ELEVATION', 174, NULL, NULL),
(41, '4', 'ELEVATION', 'TERRAIN NUE FILAO', 174, NULL, NULL),
(42, '239', 'FONDATION', 'TERRAIN NUE FILAO', 180, NULL, NULL),
(43, '25', 'CLOTURE', 'TERRAIN NUE FILAO', 181, NULL, NULL),
(44, '169', 'ELEVATION', 'TERRAIN NUE', 183, NULL, NULL),
(45, '93', '', 'BATIMENT', 183, NULL, NULL),
(46, '13', 'BATIMENT', 'TERRAIN NUE (RUE)', 186, NULL, NULL),
(47, '15', '', 'BATIMENT', 186, NULL, NULL),
(48, '99', 'BATIMENT', 'ELEVATION', 191, NULL, NULL),
(49, '108', 'FONDATION', 'TERRAIN NUE', 1, NULL, NULL),
(50, '118', 'FONDATION', 'TERRAIN NUE', 209, NULL, NULL),
(51, '154', 'FONDATION', 'FONDATION', 212, NULL, NULL),
(52, '116', 'FONDATION', 'CLOTURE', 222, NULL, NULL),
(53, '79', 'FONDATION', 'CLOTURE', 223, NULL, NULL),
(54, '46', 'BATIMENT', 'BATIMENT', 226, NULL, NULL),
(55, '206', 'CLOTURE', 'TERRAIN NUE', 230, NULL, NULL),
(56, '204', 'ELEVATION', 'TERRAIN NUE ', 235, NULL, NULL),
(57, '115', 'FONDATION', 'CLOTURE', 236, NULL, NULL),
(58, '210b', 'FONDATION', '', 237, NULL, NULL),
(59, '0', 'TERRAIN INEXISTANT', 'TERRAIN INEXISTANT', 2, NULL, NULL),
(60, '0', 'TERRAIN INEXISTANT', 'TERRAIN INEXISTANT', 8, NULL, NULL),
(61, '0', 'TERRAIN INEXISTANT', 'TERRAIN INEXISTANT', 3, NULL, NULL),
(62, '0', 'TERRAIN INEXISTANT', 'TERRAIN INEXISTANT', 4, NULL, NULL),
(63, '0', 'TERRAIN INEXISTANT', 'TERRAIN INEXISTANT', 5, NULL, NULL);

-- --------------------------------------------------------

--
-- Table structure for table `password_resets`
--

CREATE TABLE `password_resets` (
  `email` varchar(255) COLLATE utf8mb4_unicode_ci NOT NULL,
  `token` varchar(255) COLLATE utf8mb4_unicode_ci NOT NULL,
  `created_at` timestamp NULL DEFAULT NULL
) ENGINE=InnoDB DEFAULT CHARSET=utf8mb4 COLLATE=utf8mb4_unicode_ci;

-- --------------------------------------------------------

--
-- Table structure for table `users`
--

CREATE TABLE `users` (
  `id` bigint(20) UNSIGNED NOT NULL,
  `name` varchar(255) COLLATE utf8mb4_unicode_ci NOT NULL,
  `email` varchar(255) COLLATE utf8mb4_unicode_ci NOT NULL,
  `email_verified_at` timestamp NULL DEFAULT NULL,
  `password` varchar(255) COLLATE utf8mb4_unicode_ci NOT NULL,
  `remember_token` varchar(100) COLLATE utf8mb4_unicode_ci DEFAULT NULL,
  `created_at` timestamp NULL DEFAULT NULL,
  `updated_at` timestamp NULL DEFAULT NULL
) ENGINE=InnoDB DEFAULT CHARSET=utf8mb4 COLLATE=utf8mb4_unicode_ci;

--
-- Indexes for dumped tables
--

--
-- Indexes for table `categories`
--
ALTER TABLE `categories`
  ADD PRIMARY KEY (`id`);

--
-- Indexes for table `clients`
--
ALTER TABLE `clients`
  ADD PRIMARY KEY (`id`);

--
-- Indexes for table `constructions`
--
ALTER TABLE `constructions`
  ADD PRIMARY KEY (`id`),
  ADD KEY `constructions_client_id_index` (`client_id`),
  ADD KEY `constructions_macon_id_index` (`macon_id`);

--
-- Indexes for table `factures`
--
ALTER TABLE `factures`
  ADD PRIMARY KEY (`id`),
  ADD KEY `factures_client_id_index` (`client_id`),
  ADD KEY `factures_fournisseur_id_index` (`fournisseur_id`);

--
-- Indexes for table `failed_jobs`
--
ALTER TABLE `failed_jobs`
  ADD PRIMARY KEY (`id`);

--
-- Indexes for table `fichiers`
--
ALTER TABLE `fichiers`
  ADD PRIMARY KEY (`id`),
  ADD KEY `fichiers_categorie_id_index` (`categorie_id`);

--
-- Indexes for table `fournisseurs`
--
ALTER TABLE `fournisseurs`
  ADD PRIMARY KEY (`id`);

--
-- Indexes for table `macons`
--
ALTER TABLE `macons`
  ADD PRIMARY KEY (`id`);

--
-- Indexes for table `migrations`
--
ALTER TABLE `migrations`
  ADD PRIMARY KEY (`id`);

--
-- Indexes for table `parcelles`
--
ALTER TABLE `parcelles`
  ADD PRIMARY KEY (`id`),
  ADD KEY `parcelles_client_id_index` (`client_id`);

--
-- Indexes for table `password_resets`
--
ALTER TABLE `password_resets`
  ADD KEY `password_resets_email_index` (`email`);

--
-- Indexes for table `users`
--
ALTER TABLE `users`
  ADD PRIMARY KEY (`id`),
  ADD UNIQUE KEY `users_email_unique` (`email`);

--
-- AUTO_INCREMENT for dumped tables
--

--
-- AUTO_INCREMENT for table `categories`
--
ALTER TABLE `categories`
  MODIFY `id` bigint(20) UNSIGNED NOT NULL AUTO_INCREMENT, AUTO_INCREMENT=8;

--
-- AUTO_INCREMENT for table `clients`
--
ALTER TABLE `clients`
  MODIFY `id` bigint(20) UNSIGNED NOT NULL AUTO_INCREMENT, AUTO_INCREMENT=238;

--
-- AUTO_INCREMENT for table `constructions`
--
ALTER TABLE `constructions`
  MODIFY `id` bigint(20) UNSIGNED NOT NULL AUTO_INCREMENT;

--
-- AUTO_INCREMENT for table `factures`
--
ALTER TABLE `factures`
  MODIFY `id` bigint(20) UNSIGNED NOT NULL AUTO_INCREMENT, AUTO_INCREMENT=190;

--
-- AUTO_INCREMENT for table `failed_jobs`
--
ALTER TABLE `failed_jobs`
  MODIFY `id` bigint(20) UNSIGNED NOT NULL AUTO_INCREMENT;

--
-- AUTO_INCREMENT for table `fichiers`
--
ALTER TABLE `fichiers`
  MODIFY `id` bigint(20) UNSIGNED NOT NULL AUTO_INCREMENT, AUTO_INCREMENT=27;

--
-- AUTO_INCREMENT for table `fournisseurs`
--
ALTER TABLE `fournisseurs`
  MODIFY `id` bigint(20) UNSIGNED NOT NULL AUTO_INCREMENT, AUTO_INCREMENT=20;

--
-- AUTO_INCREMENT for table `macons`
--
ALTER TABLE `macons`
  MODIFY `id` bigint(20) UNSIGNED NOT NULL AUTO_INCREMENT;

--
-- AUTO_INCREMENT for table `migrations`
--
ALTER TABLE `migrations`
  MODIFY `id` int(10) UNSIGNED NOT NULL AUTO_INCREMENT, AUTO_INCREMENT=14;

--
-- AUTO_INCREMENT for table `parcelles`
--
ALTER TABLE `parcelles`
  MODIFY `id` bigint(20) UNSIGNED NOT NULL AUTO_INCREMENT, AUTO_INCREMENT=64;

--
-- AUTO_INCREMENT for table `users`
--
ALTER TABLE `users`
  MODIFY `id` bigint(20) UNSIGNED NOT NULL AUTO_INCREMENT;

--
-- Constraints for dumped tables
--

--
-- Constraints for table `constructions`
--
ALTER TABLE `constructions`
  ADD CONSTRAINT `constructions_client_id_foreign` FOREIGN KEY (`client_id`) REFERENCES `clients` (`id`) ON DELETE CASCADE,
  ADD CONSTRAINT `constructions_macon_id_foreign` FOREIGN KEY (`macon_id`) REFERENCES `macons` (`id`) ON DELETE CASCADE;

--
-- Constraints for table `factures`
--
ALTER TABLE `factures`
  ADD CONSTRAINT `factures_client_id_foreign` FOREIGN KEY (`client_id`) REFERENCES `clients` (`id`) ON DELETE CASCADE,
  ADD CONSTRAINT `factures_fournisseur_id_foreign` FOREIGN KEY (`fournisseur_id`) REFERENCES `fournisseurs` (`id`) ON DELETE CASCADE;

--
-- Constraints for table `fichiers`
--
ALTER TABLE `fichiers`
  ADD CONSTRAINT `fichiers_categorie_id_foreign` FOREIGN KEY (`categorie_id`) REFERENCES `categories` (`id`) ON DELETE CASCADE;

--
-- Constraints for table `parcelles`
--
ALTER TABLE `parcelles`
  ADD CONSTRAINT `parcelles_client_id_foreign` FOREIGN KEY (`client_id`) REFERENCES `clients` (`id`) ON DELETE CASCADE;
COMMIT;

/*!40101 SET CHARACTER_SET_CLIENT=@OLD_CHARACTER_SET_CLIENT */;
/*!40101 SET CHARACTER_SET_RESULTS=@OLD_CHARACTER_SET_RESULTS */;
/*!40101 SET COLLATION_CONNECTION=@OLD_COLLATION_CONNECTION */;
